Timestamp,Day1 Review,Day2 Review,Day3 Review
2026-03-10,Sports events were exciting and well organized,Dance performances were amazing and energetic,Speech was inspiring and motivational
2026-03-10,Sports events were boring and poorly managed,Dance performances were dull and disappointing,Speech was boring and too long
2026-03-10,Food stalls were good and enjoyable,Flash mob was energetic and fun,Prize distribution was well organized
2026-03-10,Food stalls were overpriced and poorly managed,Flash mob was confusing and messy,Prize distribution was badly organized
2026-03-10,Sports competitions were thrilling,Cultural dances were fantastic,Speeches were inspiring
2026-03-10,Sports competitions were dull and unorganized,Cultural shows were boring,Speeches were not interesting
2026-03-10,Sports day arrangements were excellent,Dance teams performed brilliantly,Academic awards ceremony was inspiring
2026-03-10,Sports day arrangements were terrible,Dance teams performed poorly,Academic awards ceremony was boring
2026-03-10,Stalls were interesting and fun,Flash mob was exciting,Speakers were motivating
2026-03-10,Stalls were chaotic and crowded,Flash mob had no energy,Speakers were unengaging
2026-03-10,Sports organization was good,Dance performances were great,Program was enjoyable
2026-03-10,Sports organization was confusing,Dance performances were weak,Program was very long
2026-03-10,Sports competitions were exciting,Cultural events were lively,Speech was inspiring
2026-03-10,Sports competitions were boring,Cultural events lacked energy,Speech was uninspiring
2026-03-10,Food stalls had great variety,Dance shows were amazing,Prize ceremony was well managed
2026-03-10,Food stalls had poor quality,Dance shows were disappointing,Prize ceremony was poorly handled
2026-03-10,Sports events were fun and exciting,Dance programs were fantastic,Speeches were excellent
2026-03-10,Sports events were dull and boring,Dance programs were repetitive,Speeches were extremely boring
2026-03-10,Sports day was exciting and fun,Flash mob was fantastic,Academic session was very informative
2026-03-10,Sports day was badly organized,Flash mob performance was bad,Academic session was boring